#scheme	genus	species	description	n_loci	source	database_url	pubmed_id	citation
aactinomycetemcomitans	Aggregatibacter	actinomycetemcomitans	Aggregatibacter actinomycetemcomitans MLST	7	pubmlst	https://pubmlst.org/bigsdb?db=pubmlst_aactinomycetemcomitans_seqdef&page=schemeInfo&scheme_id=1		
abaumannii	Acinetobacter	baumannii	Acinetobacter baumannii MLST (Oxford)	7	pubmlst	https://pubmlst.org/bigsdb?db=pubmlst_abaumannii_seqdef&page=schemeInfo&scheme_id=1	16145081	Bartual SG, Seifert H, Hippler C, et al. Development of a multilocus sequence typing scheme for characterization of clinical isolates of Acinetobacter baumannii. J Clin Microbiol 2005;43:4382-90.
abaumannii_2	Acinetobacter	baumannii	Acinetobacter baumannii MLST (Pasteur)	7	pubmlst	https://pubmlst.org/bigsdb?db=pubmlst_abaumannii_seqdef&page=schemeInfo&scheme_id=2	20383326	Diancourt L, Passet V, Nemec A, et al. The population structure of Acinetobacter baumannii: expanding multiresistant clones from an ancestral susceptible genetic pool. PLoS One 2010;5:e10034.
achromobacter	Achromobacter		Achromobacter spp. MLST	7	pubmlst	https://pubmlst.org/bigsdb?db=pubmlst_achromobacter_seqdef&page=schemeInfo&scheme_id=1		
aeromonas	Aeromonas		Aeromonas spp. MLST	6	pubmlst	https://pubmlst.org/bigsdb?db=pubmlst_aeromonas_seqdef&page=schemeInfo&scheme_id=1		
aparagallinarum	Avibacterium	paragallinarum	Avibacterium paragallinarum MLST (Guo)	7	pubmlst	https://pubmlst.org/bigsdb?db=pubmlst_aparagallinarum_seqdef&page=schemeInfo&scheme_id=1		
aphagocytophilum	Anaplasma	phagocytophilum	Anaplasma phagocytophilum MLST	7	pubmlst	https://pubmlst.org/bigsdb?db=pubmlst_aphagocytophilum_seqdef&page=schemeInfo&scheme_id=1	24699849	Huhn C, Winter C, Wolfsperger T, et al. Analysis of the population structure of Anaplasma phagocytophilum using multilocus sequence typing. PLoS One 2014;9:e93725.
arcobacter	Arcobacter		Arcobacter spp. MLST	7	pubmlst	https://pubmlst.org/bigsdb?db=pubmlst_arcobacter_seqdef&page=schemeInfo&scheme_id=1	19751525	Miller WG, Wesley IV, On SL, et al. First multi-locus sequence typing scheme for Arcobacter spp. BMC Microbiol 2009;9:196.
bbacilliformis	Bartonella	bacilliformis	Bartonella bacilliformis MLST	7	pubmlst	https://pubmlst.org/bigsdb?db=pubmlst_bbacilliformis_seqdef&page=schemeInfo&scheme_id=1	21811647	Chaloner GL, Palmira Ventosilla, Birtles RJ. Multi-locus sequence analysis reveals profound genetic diversity among isolates of the human pathogen Bartonella bacilliformis. PLoS Negl Trop Dis 2011;5:e1248.
bcc	Burkholderia		Burkholderia cepacia complex MLST	7	pubmlst	https://pubmlst.org/bigsdb?db=pubmlst_bcc_seqdef&page=schemeInfo&scheme_id=1	16145124	Baldwin A, Mahenthiralingam E, Thickett KM, et al. Multilocus sequence typing scheme that provides both species and strain differentiation for the Burkholderia cepacia complex. J Clin Microbiol 2005;43:4665-73.
bcereus	Bacillus	cereus	Bacillus cereus group MLST	7	pubmlst	https://pubmlst.org/bigsdb?db=pubmlst_bcereus_seqdef&page=schemeInfo&scheme_id=1	15547268	Priest FG, Barker M, Baillie LW, et al. Population structure and evolution of the Bacillus cereus group. J Bacteriol 2004;186:7959-70.
bfragilis	Bacteroides	fragilis	Bacteroides fragilis MLST	7	pubmlst	https://pubmlst.org/bigsdb?db=pubmlst_bfragilis_seqdef&page=schemeInfo&scheme_id=1	36943061	Nielsen FD, Skov MN, Sydenham TV, et al. Development and Clinical Application of a Multilocus Sequence Typing Scheme for Bacteroides fragilis Based on Whole-Genome Sequencing Data. Microbiol Spectr 2023;11:e0511122.
bhenselae	Bartonella	henselae	Bartonella henselae MLST	8	pubmlst	https://pubmlst.org/bigsdb?db=pubmlst_bhenselae_seqdef&page=schemeInfo&scheme_id=1		
blicheniformis_14	Bacillus	licheniformis	Bacillus licheniformis MLST	6	pubmlst	https://pubmlst.org/bigsdb?db=pubmlst_blicheniformis_seqdef&page=schemeInfo&scheme_id=14		
bordetella_3	Bordetella	pertussis	Bordetella pertussis MLST (Pasteur)	7	pasteur	https://bigsdb.pasteur.fr/cgi-bin/bigsdb/bigsdb.pl?db=pubmlst_bordetella_seqdef&page=schemeInfo&scheme_id=3	16389302	Diavatopoulos DA, Cummings CA, Schouls LM, et al. Bordetella pertussis, the causative agent of whooping cough, evolved from a distinct, human-associated lineage of B. bronchiseptica. PLoS Pathog 2005;1:e45.
borrelia	Borrelia		Borrelia spp. MLST	8	pubmlst	https://pubmlst.org/bigsdb?db=pubmlst_borrelia_seqdef&page=schemeInfo&scheme_id=1	18574151	Margos G, Gatewood AG, Aanensen DM, et al. MLST of housekeeping genes captures geographic population structure and suggests a European origin of Borrelia burgdorferi. Proc Natl Acad Sci U S A 2008;105:8730-5.
bpseudomallei	Burkholderia	pseudomallei	Burkholderia pseudomallei MLST	7	pubmlst	https://pubmlst.org/bigsdb?db=pubmlst_bpseudomallei_seqdef&page=schemeInfo&scheme_id=1	12734250	Godoy D, Randle G, Simpson AJ, et al. Multilocus sequence typing and evolutionary relationships among the causative agents of melioidosis and glanders, Burkholderia pseudomallei and Burkholderia mallei. J Clin Microbiol 2003;41:2068-79.
brachyspira	Brachyspira		Brachyspira spp. MLST	7	pubmlst	https://pubmlst.org/bigsdb?db=pubmlst_brachyspira_seqdef&page=schemeInfo&scheme_id=1		
brachyspira_2	Brachyspira	hyodysenteriae	Brachyspira hyodysenteriae MLST	7	pubmlst	https://pubmlst.org/bigsdb?db=pubmlst_brachyspira_seqdef&page=schemeInfo&scheme_id=2		
brachyspira_3	Brachyspira	intermedia	Brachyspira intermedia MLST	7	pubmlst	https://pubmlst.org/bigsdb?db=pubmlst_brachyspira_seqdef&page=schemeInfo&scheme_id=3		
brachyspira_4	Brachyspira	pilosicoli	Brachyspira pilosicoli MLST	7	pubmlst	https://pubmlst.org/bigsdb?db=pubmlst_brachyspira_seqdef&page=schemeInfo&scheme_id=4		
brachyspira_5	Brachyspira	hampsonii	Brachyspira hampsonii MLST	6	pubmlst	https://pubmlst.org/bigsdb?db=pubmlst_brachyspira_seqdef&page=schemeInfo&scheme_id=5		
brucella	Brucella		Brucella spp. MLST (9 locus)	9	pubmlst	https://pubmlst.org/bigsdb?db=pubmlst_brucella_seqdef&page=schemeInfo&scheme_id=1	17448232	Whatmore AM, Perrett LL, MacMillan AP. Characterisation of the genetic diversity of Brucella by multilocus sequencing. BMC Microbiol 2007;7:34.
bsubtilis	Bacillus	subtilis	Bacillus subtilis MLST	7	pubmlst	https://pubmlst.org/bigsdb?db=pubmlst_bsubtilis_seqdef&page=schemeInfo&scheme_id=1		
bwashoensis	Bartonella	washoensis	Bartonella washoensis MLST	6	pubmlst	https://pubmlst.org/bigsdb?db=pubmlst_bwashoensis_seqdef&page=schemeInfo&scheme_id=1	20884133	Inoue K, Kabeya H, Hagiya K, et al. Multi-locus sequence analysis reveals host specific association between Bartonella washoensis and squirrels. Vet Microbiol 2011;148:60-5.
campylobacter	Campylobacter		Campylobacter jejuni/coli MLST	7	pubmlst	https://pubmlst.org/bigsdb?db=pubmlst_campylobacter_seqdef&page=schemeInfo&scheme_id=1	11136741	Dingle KE, Colles FM, Wareing DR, et al. Multilocus sequence typing system for Campylobacter jejuni. J Clin Microbiol 2001;39:14-23.
campylobacter_nonjejuni	Campylobacter	helveticus	Campylobacter helveticus MLST	7	pubmlst	https://pubmlst.org/bigsdb?db=pubmlst_campylobacter_nonjejuni_seqdef&page=schemeInfo&scheme_id=1		
campylobacter_nonjejuni_2	Campylobacter	insulaenigrae	Campylobacter insulaenigrae MLST	7	pubmlst	https://pubmlst.org/bigsdb?db=pubmlst_campylobacter_nonjejuni_seqdef&page=schemeInfo&scheme_id=2		
campylobacter_nonjejuni_3	Campylobacter	lari	Campylobacter lari MLST	7	pubmlst	https://pubmlst.org/bigsdb?db=pubmlst_campylobacter_nonjejuni_seqdef&page=schemeInfo&scheme_id=3		
campylobacter_nonjejuni_4	Campylobacter	upsaliensis	Campylobacter upsaliensis MLST	7	pubmlst	https://pubmlst.org/bigsdb?db=pubmlst_campylobacter_nonjejuni_seqdef&page=schemeInfo&scheme_id=4		
campylobacter_nonjejuni_5	Campylobacter		Campylobacter concisus/curvus MLST	7	pubmlst	https://pubmlst.org/bigsdb?db=pubmlst_campylobacter_nonjejuni_seqdef&page=schemeInfo&scheme_id=5		
campylobacter_nonjejuni_6	Campylobacter	hyointestinalis	Campylobacter hyointestinalis MLST	7	pubmlst	https://pubmlst.org/bigsdb?db=pubmlst_campylobacter_nonjejuni_seqdef&page=schemeInfo&scheme_id=6		
campylobacter_nonjejuni_7	Campylobacter	lanienae	Campylobacter lanienae MLST	7	pubmlst	https://pubmlst.org/bigsdb?db=pubmlst_campylobacter_nonjejuni_seqdef&page=schemeInfo&scheme_id=7		
campylobacter_nonjejuni_8	Campylobacter	sputorum	Campylobacter sputorum MLST	7	pubmlst	https://pubmlst.org/bigsdb?db=pubmlst_campylobacter_nonjejuni_seqdef&page=schemeInfo&scheme_id=8		
campylobacter_nonjejuni_9	Campylobacter	fetus	Campylobacter fetus MLST	7	pubmlst	https://pubmlst.org/bigsdb?db=pubmlst_campylobacter_nonjejuni_seqdef&page=schemeInfo&scheme_id=9		
cbotulinum	Clostridium	botulinum	Clostridium botulinum MLST	7	pubmlst	https://pubmlst.org/bigsdb?db=pubmlst_cbotulinum_seqdef&page=schemeInfo&scheme_id=1		
cdifficile	Clostridioides	difficile	Clostridioides difficile MLST	7	pubmlst	https://pubmlst.org/bigsdb?db=pubmlst_cdifficile_seqdef&page=schemeInfo&scheme_id=1	20042623	Griffiths D, Fawley W, Kachrimanidou M, et al. Multilocus sequence typing of Clostridium difficile. J Clin Microbiol 2010;48:770-8.
cdiphtheriae	Corynebacterium	diphtheriae	Corynebacterium diphtheriae MLST (Pasteur)	7	pasteur	https://bigsdb.pasteur.fr/cgi-bin/bigsdb/bigsdb.pl?db=pubmlst_diphtheria_seqdef&page=schemeInfo&scheme_id=3	20844217	Bolt F, Cassiday P, Tondella ML, et al. Multilocus sequence typing identifies evidence for recombination and two distinct lineages of Corynebacterium diphtheriae. J Clin Microbiol 2010;48:4177-85.
cfreundii	Citrobacter	freundii	Citrobacter freundii MLST	7	pubmlst	https://pubmlst.org/bigsdb?db=pubmlst_cfreundii_seqdef&page=schemeInfo&scheme_id=1		
chlamydiales			Chlamydiales spp. MLST	7	pubmlst	https://pubmlst.org/bigsdb?db=pubmlst_chlamydiales_seqdef&page=schemeInfo&scheme_id=1		
cmaltaromaticum	Carnobacterium	maltaromaticum	Carnobacterium maltaromaticum MLST	7	pubmlst	https://pubmlst.org/bigsdb?db=pubmlst_cmaltaromaticum_seqdef&page=schemeInfo&scheme_id=1		
cperfringens	Clostridium	perfringens	Clostridium perfringens MLST	8	pubmlst	https://pubmlst.org/bigsdb?db=pubmlst_cperfringens_seqdef&page=schemeInfo&scheme_id=1	22865060	Xiao Y, Wagendorp A, Moezelaar R, et al. A wide variety of Clostridium perfringens type A food-borne isolates that carry a chromosomal cpe gene belong to one multilocus sequence typing cluster. Appl Environ Microbiol 2012;78:7060-8.
cronobacter	Cronobacter		Cronobacter spp. MLST	7	pubmlst	https://pubmlst.org/bigsdb?db=pubmlst_cronobacter_seqdef&page=schemeInfo&scheme_id=1	19852808	Baldwin A, Loughlin M, Caubilla-Barron J, et al. Multilocus sequence typing of Cronobacter sakazakii and Cronobacter malonaticus reveals stable clonal structures with clinical significance which do not correlate with biotypes. BMC Microbiol 2009;9:223.
csepticum	Clostridium	septicum	Clostridium septicum MLST	7	pubmlst	https://pubmlst.org/bigsdb?db=pubmlst_csepticum_seqdef&page=schemeInfo&scheme_id=1		
diphtheria_3	Corynebacterium	diphtheriae	Corynebacterium diphtheriae MLST (Pasteur)	7	pasteur	https://bigsdb.pasteur.fr/cgi-bin/bigsdb/bigsdb.pl?db=pubmlst_diphtheria_seqdef&page=schemeInfo&scheme_id=3	20844217	Bolt F, Cassiday P, Tondella ML, et al. Multilocus sequence typing identifies evidence for recombination and two distinct lineages of Corynebacterium diphtheriae. J Clin Microbiol 2010;48:4177-85.
dnodosus	Dichelobacter	nodosus	Dichelobacter nodosus MLST	7	pubmlst	https://pubmlst.org/bigsdb?db=pubmlst_dnodosus_seqdef&page=schemeInfo&scheme_id=1	29628922	Blanchard AM, Jolley KA, Maiden MCJ, et al. The Applied Development of a Tiered Multilocus Sequence Typing (MLST) Scheme for Dichelobacter nodosus. Front Microbiol 2018;9:551.
ecloacae	Enterobacter	cloacae	Enterobacter cloacae complex MLST	7	pubmlst	https://pubmlst.org/bigsdb?db=pubmlst_ecloacae_seqdef&page=schemeInfo&scheme_id=1	23776664	Miyoshi-Akiyama T, Hayakawa K, Ohmagari N, et al. Multilocus sequence typing (MLST) for characterization of Enterobacter cloacae. PLoS One 2013;8:e66358.
ecoli	Escherichia	coli	Escherichia coli MLST (Pasteur)	8	pasteur	https://bigsdb.pasteur.fr/cgi-bin/bigsdb/bigsdb.pl?db=pubmlst_ecoli_seqdef&page=schemeInfo&scheme_id=1	19036134	Jaureguy F, Landraud L, Passet V, et al. Phylogenetic and genomic diversity of human bacteremic Escherichia coli strains. BMC Genomics 2008;9:560.
ecoli_achtman_4	Escherichia	coli	Escherichia coli MLST (Achtman)	7	pubmlst	https://pubmlst.org/bigsdb?db=pubmlst_ecoli_achtman_seqdef&page=schemeInfo&scheme_id=4	16689791	Wirth T, Falush D, Lan R, et al. Sex and virulence in Escherichia coli: an evolutionary perspective. Mol Microbiol 2006;60:1136-51.
edwardsiella	Edwardsiella		Edwardsiella spp. MLST	10	pubmlst	https://pubmlst.org/bigsdb?db=pubmlst_edwardsiella_seqdef&page=schemeInfo&scheme_id=1		
efaecalis	Enterococcus	faecalis	Enterococcus faecalis MLST	7	pubmlst	https://pubmlst.org/bigsdb?db=pubmlst_efaecalis_seqdef&page=schemeInfo&scheme_id=1	16757624	Ruiz-Garbajosa P, Bonten MJ, Robinson DA, et al. Multilocus sequence typing scheme for Enterococcus faecalis reveals hospital-adapted genetic complexes in a background of high rates of recombination. J Clin Microbiol 2006;44:2220-8.
efaecium	Enterococcus	faecium	Enterococcus faecium MLST	7	pubmlst	https://pubmlst.org/bigsdb?db=pubmlst_efaecium_seqdef&page=schemeInfo&scheme_id=1	12037049	Homan WL, Tribe D, Poznanski S, et al. Multilocus sequence typing scheme for Enterococcus faecium. J Clin Microbiol 2002;40:1963-71.
fpsychrophilum	Flavobacterium	psychrophilum	Flavobacterium psychrophilum MLST	7	pubmlst	https://pubmlst.org/bigsdb?db=pubmlst_fpsychrophilum_seqdef&page=schemeInfo&scheme_id=1	18424537	Nicolas P, Mondot S, Achaz G, et al. Population structure of the fish-pathogenic bacterium Flavobacterium psychrophilum. Appl Environ Microbiol 2008;74:3702-9.
gallibacterium	Gallibacterium	anatis	Gallibacterium anatis MLST	8	pubmlst	https://pubmlst.org/bigsdb?db=pubmlst_gallibacterium_seqdef&page=schemeInfo&scheme_id=1		
geotrichum	Geotrichum		Geotrichum spp. MLST	5	pubmlst	https://pubmlst.org/bigsdb?db=pubmlst_geotrichum_seqdef&page=schemeInfo&scheme_id=1	27862252	Jacques N, Mallet S, Laaghouiti F, et al. Specific populations of the yeast Geotrichum candidum revealed by molecular typing. Yeast 2017;34:165-178.
halobacteria			Halobacteria (haloarchaea) MLST	5	pubmlst	https://pubmlst.org/bigsdb?db=pubmlst_halobacteria_seqdef&page=schemeInfo&scheme_id=1	21296924	Papke RT, White E, Reddy P, et al. A multilocus sequence analysis approach to the phylogeny and taxonomy of the Halobacteriales. Int J Syst Evol Microbiol 2011;61:2984-2995.
hcinaedi	Helicobacter	cinaedi	Helicobacter cinaedi MLST	7	pubmlst	https://pubmlst.org/bigsdb?db=pubmlst_hcinaedi_seqdef&page=schemeInfo&scheme_id=1		
helicobacter	Helicobacter	pylori	Helicobacter pylori MLST	7	pubmlst	https://pubmlst.org/bigsdb?db=pubmlst_helicobacter_seqdef&page=schemeInfo&scheme_id=1	10320570	Achtman M, Azuma T, Berg DE, et al. Recombination and clonal groupings within Helicobacter pylori from different geographical regions. Mol Microbiol 1999;32:459-70.
hinfluenzae	Haemophilus	influenzae	Haemophilus influenzae MLST	7	pubmlst	https://pubmlst.org/bigsdb?db=pubmlst_hinfluenzae_seqdef&page=schemeInfo&scheme_id=1	12682154	Meats E, Feil EJ, Stringer S, et al. Characterization of encapsulated and noncapsulated Haemophilus influenzae and determination of phylogenetic relationships by multilocus sequence typing. J Clin Microbiol 2003;41:1623-36.
hparasuis	Glaesserella	parasuis	Glaesserella (Haemophilus) parasuis MLST	7	pubmlst	https://pubmlst.org/bigsdb?db=pubmlst_hparasuis_seqdef&page=schemeInfo&scheme_id=1	17159221	Olvera A, Cerdà-Cuéllar M, Aragon V. Study of the population structure of Haemophilus parasuis by multilocus sequence typing. Microbiology (Reading) 2006;152:3683-3690.
hsuis	Helicobacter	suis	Helicobacter suis MLST	7	pubmlst	https://pubmlst.org/bigsdb?db=pubmlst_hsuis_seqdef&page=schemeInfo&scheme_id=1		
kaerogenes	Klebsiella	aerogenes	Klebsiella aerogenes MLST	7	pubmlst	https://pubmlst.org/bigsdb?db=pubmlst_kaerogenes_seqdef&page=schemeInfo&scheme_id=1		
kingella	Kingella	kingae	Kingella kingae MLST (Pasteur)	6	pasteur	https://bigsdb.pasteur.fr/cgi-bin/bigsdb/bigsdb.pl?db=pubmlst_kingella_seqdef&page=schemeInfo&scheme_id=1	22693588	Basmaci R, Yagupsky P, Ilharreborde B, et al. Multilocus sequence typing and rtxA toxin gene sequencing analysis of Kingella kingae isolates demonstrates genetic diversity and international clones. PLoS One 2012;7:e38078.
klebsiella	Klebsiella	pneumoniae	Klebsiella pneumoniae MLST (Pasteur)	7	pasteur	https://bigsdb.pasteur.fr/cgi-bin/bigsdb/bigsdb.pl?db=pubmlst_klebsiella_seqdef&page=schemeInfo&scheme_id=1	16081970	Diancourt L, Passet V, Verhoef J, et al. Multilocus sequence typing of Klebsiella pneumoniae nosocomial isolates. J Clin Microbiol 2005;43:4178-82.
koxytoca	Klebsiella	oxytoca	Klebsiella oxytoca MLST	7	pubmlst	https://pubmlst.org/bigsdb?db=pubmlst_koxytoca_seqdef&page=schemeInfo&scheme_id=1		
leptospira	Leptospira		Leptospira spp. MLST (scheme 1)	7	pubmlst	https://pubmlst.org/bigsdb?db=pubmlst_leptospira_seqdef&page=schemeInfo&scheme_id=1	23359622	Boonsilp S, Thaipadungpanit J, Amornchai P, et al. A single multilocus sequence typing (MLST) scheme for seven pathogenic Leptospira species. PLoS Negl Trop Dis 2013;7:e1954.
leptospira_2	Leptospira		Leptospira spp. MLST (scheme 2)	7	pubmlst	https://pubmlst.org/bigsdb?db=pubmlst_leptospira_seqdef&page=schemeInfo&scheme_id=2		
leptospira_3	Leptospira		Leptospira spp. MLST (scheme 3)	6	pubmlst	https://pubmlst.org/bigsdb?db=pubmlst_leptospira_seqdef&page=schemeInfo&scheme_id=3		
lgarvieae	Lactococcus	garvieae	Lactococcus garvieae MLST	7	pubmlst	https://pubmlst.org/bigsdb?db=pubmlst_lgarvieae_seqdef&page=schemeInfo&scheme_id=1	24391975	Ferrario C, Ricci G, Milani C, et al. Lactococcus garvieae: where is it from? A first approach to explore the evolutionary history of this emerging pathogen. PLoS One 2013;8:e84796.
liberibacter	Liberibacter	solanacearum	'Candidatus Liberibacter solanacearum' MLST	7	pubmlst	https://pubmlst.org/bigsdb?db=pubmlst_liberibacter_seqdef&page=schemeInfo&scheme_id=1	29600888	Haapalainen M, Wang J, Latvala S, et al. Genetic Variation of 'Candidatus Liberibacter solanacearum' Haplotype C and Identification of a Novel Haplotype from Trioza urticae and Stinging Nettle. Phytopathology 2018;108:925-934.
listeria_2	Listeria	monocytogenes	Listeria monocytogenes MLST (Pasteur)	7	pasteur	https://bigsdb.pasteur.fr/cgi-bin/bigsdb/bigsdb.pl?db=pubmlst_listeria_seqdef&page=schemeInfo&scheme_id=2	18773117	Ragon M, Wirth T, Hollandt F, et al. A new perspective on Listeria monocytogenes evolution. PLoS Pathog 2008;4:e1000146.
llactis_phage			Lactococcus lactis 936-like bacteriophage MLST	5	pubmlst	https://pubmlst.org/bigsdb?db=pubmlst_llactis_phage_seqdef&page=schemeInfo&scheme_id=1		
lsalivarius	Ligilactobacillus	salivarius	Ligilactobacillus (Lactobacillus) salivarius MLST	5	pubmlst	https://pubmlst.org/bigsdb?db=pubmlst_lsalivarius_seqdef&page=schemeInfo&scheme_id=1		
mabscessus	Mycobacteroides	abscessus	Mycobacteroides abscessus complex MLST	7	pubmlst	https://pubmlst.org/bigsdb?db=pubmlst_mabscessus_seqdef&page=schemeInfo&scheme_id=1	24384536	Macheras E, Konjek J, Roux AL, et al. Multilocus sequence typing scheme for the Mycobacterium abscessus complex. Res Microbiol 2014;165:82-90.
magalactiae	Mycoplasma	agalactiae	Mycoplasma agalactiae MLST	5	pubmlst	https://pubmlst.org/bigsdb?db=pubmlst_magalactiae_seqdef&page=schemeInfo&scheme_id=1		
mamphoriforme	Mycoplasma	amphoriforme	Mycoplasma amphoriforme MLST	4	pubmlst	https://pubmlst.org/bigsdb?db=pubmlst_mamphoriforme_seqdef&page=schemeInfo&scheme_id=1		
manserisalpingitidis	Mycoplasma	anserisalpingitidis	Mycoplasma anserisalpingitidis MLST	5	pubmlst	https://pubmlst.org/bigsdb?db=pubmlst_manserisalpingitidis_seqdef&page=schemeInfo&scheme_id=1		
mbovis	Mycoplasma	bovis	Mycoplasma bovis MLST (legacy)	7	pubmlst	https://pubmlst.org/bigsdb?db=pubmlst_mbovis_seqdef&page=schemeInfo&scheme_id=1		
mbovis_2	Mycoplasma	bovis	Mycoplasma bovis MLST	7	pubmlst	https://pubmlst.org/bigsdb?db=pubmlst_mbovis_seqdef&page=schemeInfo&scheme_id=2		
mcanis	Macrococcus	canis	Macrococcus canis MLST	7	pubmlst	https://pubmlst.org/bigsdb?db=pubmlst_mcanis_seqdef&page=schemeInfo&scheme_id=1		
mcaseolyticus	Macrococcus	caseolyticus	Macrococcus caseolyticus MLST	7	pubmlst	https://pubmlst.org/bigsdb?db=pubmlst_mcaseolyticus_seqdef&page=schemeInfo&scheme_id=1		
mcatarrhalis_achtman_6	Moraxella	catarrhalis	Moraxella catarrhalis MLST (Achtman)	8	pubmlst	https://pubmlst.org/bigsdb?db=pubmlst_mcatarrhalis_achtman_seqdef&page=schemeInfo&scheme_id=6		
mflocculare	Mycoplasma	flocculare	Mycoplasma flocculare MLST	3	pubmlst	https://pubmlst.org/bigsdb?db=pubmlst_mflocculare_seqdef&page=schemeInfo&scheme_id=1		
mgallisepticum	Mycoplasma	gallisepticum	Mycoplasma gallisepticum MLST #1 (Ghanem)	7	pubmlst	https://pubmlst.org/bigsdb?db=pubmlst_mgallisepticum_seqdef&page=schemeInfo&scheme_id=1	31865685	Ghanem M, El-Gazzar M. Development of a Multilocus Sequence Typing Assay for Mycoplasma gallisepticum. Avian Dis 2019;63:693-702.
mgallisepticum_2	Mycoplasma	gallisepticum	Mycoplasma gallisepticum MLST #2 (Beko)	6	pubmlst	https://pubmlst.org/bigsdb?db=pubmlst_mgallisepticum_seqdef&page=schemeInfo&scheme_id=2		
mgenitalium	Mycoplasma	genitalium	Mycoplasma genitalium MLST	6	pubmlst	https://pubmlst.org/bigsdb?db=pubmlst_mgenitalium_seqdef&page=schemeInfo&scheme_id=2		
mhaemolytica	Mannheimia	haemolytica	Mannheimia haemolytica MLST	7	pubmlst	https://pubmlst.org/bigsdb?db=pubmlst_mhaemolytica_seqdef&page=schemeInfo&scheme_id=1		
mhominis	Mycoplasma	hominis	Mycoplasma hominis MLST	5	pubmlst	https://pubmlst.org/bigsdb?db=pubmlst_mhominis_seqdef&page=schemeInfo&scheme_id=1	30291332	Boujemaa S, Ben Allaya A, Mlik B, et al. Phylogenetics of Mycoplasma hominis clinical strains associated with gynecological infections or infertility as disclosed by an expanded multilocus sequence typing scheme. Sci Rep 2018;8:14854.
mhominis_3	Mycoplasma	hominis	Mycoplasma hominis expanded MLST (eMLST)	10	pubmlst	https://pubmlst.org/bigsdb?db=pubmlst_mhominis_seqdef&page=schemeInfo&scheme_id=3	30291332	Boujemaa S, Ben Allaya A, Mlik B, et al. Phylogenetics of Mycoplasma hominis clinical strains associated with gynecological infections or infertility as disclosed by an expanded multilocus sequence typing scheme. Sci Rep 2018;8:14854.
mhyopneumoniae	Mycoplasma	hyopneumoniae	Mycoplasma hyopneumoniae MLST	3	pubmlst	https://pubmlst.org/bigsdb?db=pubmlst_mhyopneumoniae_seqdef&page=schemeInfo&scheme_id=1	17884308	Mayor D, Jores J, Korczak BM, et al. Multilocus sequence typing (MLST) of Mycoplasma hyopneumoniae: a diverse pathogen with limited clonality. Vet Microbiol 2008;127:63-72.
mhyorhinis	Mycoplasma	hyorhinis	Mycoplasma hyorhinis MLST	6	pubmlst	https://pubmlst.org/bigsdb?db=pubmlst_mhyorhinis_seqdef&page=schemeInfo&scheme_id=1		
mhyosynoviae	Mycoplasma	hyosynoviae	Mycoplasma hyosynoviae MLST	7	pubmlst	https://pubmlst.org/bigsdb?db=pubmlst_mhyosynoviae_seqdef&page=schemeInfo&scheme_id=1		
miowae	Mycoplasma	iowae	Mycoplasma iowae MLST	6	pubmlst	https://pubmlst.org/bigsdb?db=pubmlst_miowae_seqdef&page=schemeInfo&scheme_id=1		
mplutonius	Melissococcus	plutonius	Melissococcus plutonius MLST	4	pubmlst	https://pubmlst.org/bigsdb?db=pubmlst_mplutonius_seqdef&page=schemeInfo&scheme_id=1	23864566	Haynes E, Helgason T, Young JP, et al. A typing scheme for the honeybee pathogen Melissococcus plutonius allows detection of disease transmission events and a study of the distribution of variants. Environ Microbiol Rep 2013;5:525-9.
mpneumoniae	Mycoplasma	pneumoniae	Mycoplasma pneumoniae MLST	8	pubmlst	https://pubmlst.org/bigsdb?db=pubmlst_mpneumoniae_seqdef&page=schemeInfo&scheme_id=1	26202118	Brown RJ, Holden MT, Spiller OB, et al. Development of a Multilocus Sequence Typing Scheme for Molecular Typing of Mycoplasma pneumoniae. J Clin Microbiol 2015;53:3195-203.
msciuri	Mammaliicoccus	sciuri	Mammaliicoccus (Staphylococcus) sciuri MLST	7	pubmlst	https://pubmlst.org/bigsdb?db=pubmlst_msciuri_seqdef&page=schemeInfo&scheme_id=1	33582485	Schauer B, Szostak MP, Ehricht R, et al. Diversity of methicillin-resistant coagulase-negative Staphylococcus spp. and methicillin-resistant Mammaliicoccus spp. isolated from ruminants and New World camelids. Vet Microbiol 2021;254:109005.
msynoviae	Mycoplasma	synoviae	Mycoplasma synoviae MLST	7	pubmlst	https://pubmlst.org/bigsdb?db=pubmlst_msynoviae_seqdef&page=schemeInfo&scheme_id=1		
mycobacteria_2			Mycobacteria spp. ribosomal-protein MLST	8	pubmlst	https://pubmlst.org/bigsdb?db=pubmlst_mycobacteria_seqdef&page=schemeInfo&scheme_id=2		
neisseria	Neisseria		Neisseria spp. MLST	7	pubmlst	https://pubmlst.org/bigsdb?db=pubmlst_neisseria_seqdef&page=schemeInfo&scheme_id=1	9501229	Maiden MC, Bygraves JA, Feil E, et al. Multilocus sequence typing: a portable approach to the identification of clones within populations of pathogenic microorganisms. Proc Natl Acad Sci U S A 1998;95:3140-5.
oralstrep	Streptococcus	oralis	Streptococcus oralis (oral streptococci) MLST	7	pubmlst	https://pubmlst.org/bigsdb?db=pubmlst_oralstrep_seqdef&page=schemeInfo&scheme_id=1		
orhinotracheale	Ornithobacterium	rhinotracheale	Ornithobacterium rhinotracheale MLST	7	pubmlst	https://pubmlst.org/bigsdb?db=pubmlst_orhinotracheale_seqdef&page=schemeInfo&scheme_id=1	26829551	Thieme S, Mühldorfer K, Lüschow D, et al. Molecular Characterization of the Recently Emerged Poultry Pathogen Ornithobacterium rhinotracheale by Multilocus Sequence Typing. PLoS One 2016;11:e0148158.
otsutsugamushi	Orientia	tsutsugamushi	Orientia tsutsugamushi MLST	7	pubmlst	https://pubmlst.org/bigsdb?db=pubmlst_otsutsugamushi_seqdef&page=schemeInfo&scheme_id=1		
pacnes_3	Cutibacterium	acnes	Cutibacterium (Propionibacterium) acnes MLST	8	pubmlst	https://pubmlst.org/bigsdb?db=pubmlst_pacnes_seqdef&page=schemeInfo&scheme_id=3		
paeruginosa	Pseudomonas	aeruginosa	Pseudomonas aeruginosa MLST	7	pubmlst	https://pubmlst.org/bigsdb?db=pubmlst_paeruginosa_seqdef&page=schemeInfo&scheme_id=1	15583294	Curran B, Jonas D, Grundmann H, et al. Development of a multilocus sequence typing scheme for the opportunistic pathogen Pseudomonas aeruginosa. J Clin Microbiol 2004;42:5644-9.
pdamselae	Photobacterium	damselae	Photobacterium damselae MLST	6	pubmlst	https://pubmlst.org/bigsdb?db=pubmlst_pdamselae_seqdef&page=schemeInfo&scheme_id=1		
pfluorescens	Pseudomonas	fluorescens	Pseudomonas fluorescens MLST	7	pubmlst	https://pubmlst.org/bigsdb?db=pubmlst_pfluorescens_seqdef&page=schemeInfo&scheme_id=1		
pgingivalis	Porphyromonas	gingivalis	Porphyromonas gingivalis MLST	7	pubmlst	https://pubmlst.org/bigsdb?db=pubmlst_pgingivalis_seqdef&page=schemeInfo&scheme_id=1	16390944	Enersen M, Olsen I, van Winkelhoff AJ, et al. Multilocus sequence typing of Porphyromonas gingivalis strains from different geographic origins. J Clin Microbiol 2006;44:35-41.
plarvae	Paenibacillus	larvae	Paenibacillus larvae MLST	7	pubmlst	https://pubmlst.org/bigsdb?db=pubmlst_plarvae_seqdef&page=schemeInfo&scheme_id=1		
pmultocida	Pasteurella	multocida	Pasteurella multocida MLST (multi-host)	7	pubmlst	https://pubmlst.org/bigsdb?db=pubmlst_pmultocida_seqdef&page=schemeInfo&scheme_id=1		
pmultocida_2	Pasteurella	multocida	Pasteurella multocida MLST (RIRDC)	7	pubmlst	https://pubmlst.org/bigsdb?db=pubmlst_pmultocida_seqdef&page=schemeInfo&scheme_id=2	20129742	Subaaharan S, Blackall LL, Blackall PJ. Development of a multi-locus sequence typing scheme for avian isolates of Pasteurella multocida. Vet Microbiol 2010;141:354-61.
ppentosaceus	Pediococcus	pentosaceus	Pediococcus pentosaceus MLST	7	pubmlst	https://pubmlst.org/bigsdb?db=pubmlst_ppentosaceus_seqdef&page=schemeInfo&scheme_id=1		
pputida	Pseudomonas	putida	Pseudomonas putida MLST	8	pubmlst	https://pubmlst.org/bigsdb?db=pubmlst_pputida_seqdef&page=schemeInfo&scheme_id=1		
proteus	Proteus		Proteus spp. MLST	6	pubmlst	https://pubmlst.org/bigsdb?db=pubmlst_proteus_seqdef&page=schemeInfo&scheme_id=1	32522175	Dai H, Lu B, Li Z, et al. Multilocus sequence analysis for the taxonomic updating and identification of the genus Proteus and reclassification of Proteus genospecies 5 O'Hara et al. 2000, Proteus cibarius Hyun et al. 2016 as later heterotypic synonyms of Proteus terrae Behrendt et al. 2015. BMC Microbiol 2020;20:152.
providencia	Providencia		Providencia spp. MLST	5	pubmlst	https://pubmlst.org/bigsdb?db=pubmlst_providencia_seqdef&page=schemeInfo&scheme_id=1		
psalmonis	Piscirickettsia	salmonis	Piscirickettsia salmonis MLST	7	pubmlst	https://pubmlst.org/bigsdb?db=pubmlst_psalmonis_seqdef&page=schemeInfo&scheme_id=1		
ranatipestifer	Riemerella	anatipestifer	Riemerella anatipestifer MLST	7	pubmlst	https://pubmlst.org/bigsdb?db=pubmlst_ranatipestifer_seqdef&page=schemeInfo&scheme_id=1		
rhodococcus	Rhodococcus		Rhodococcus spp. MLST	7	pubmlst	https://pubmlst.org/bigsdb?db=pubmlst_rhodococcus_seqdef&page=schemeInfo&scheme_id=1		
sagalactiae	Streptococcus	agalactiae	Streptococcus agalactiae (group B) MLST	7	pubmlst	https://pubmlst.org/bigsdb?db=pubmlst_sagalactiae_seqdef&page=schemeInfo&scheme_id=1	12791877	Jones N, Bohnsack JF, Takahashi S, et al. Multilocus sequence typing system for group B streptococcus. J Clin Microbiol 2003;41:2530-6.
salmonella	Salmonella	enterica	Salmonella enterica MLST	7	pubmlst	https://pubmlst.org/bigsdb?db=pubmlst_salmonella_seqdef&page=schemeInfo&scheme_id=2	22737074	Achtman M, Wain J, Weill FX, et al. Multilocus sequence typing as a replacement for serotyping in Salmonella enterica. PLoS Pathog 2012;8:e1002776.
saureus	Staphylococcus	aureus	Staphylococcus aureus MLST	7	pubmlst	https://pubmlst.org/bigsdb?db=pubmlst_saureus_seqdef&page=schemeInfo&scheme_id=1	10698988	Enright MC, Day NP, Davies CE, et al. Multilocus sequence typing for characterization of methicillin-resistant and methicillin-susceptible clones of Staphylococcus aureus. J Clin Microbiol 2000;38:1008-15.
sbsec	Streptococcus		Streptococcus bovis/equinus complex (SBSEC) MLST	10	pubmlst	https://pubmlst.org/bigsdb?db=pubmlst_sbsec_seqdef&page=schemeInfo&scheme_id=1		
scanis	Streptococcus	canis	Streptococcus canis MLST	7	pubmlst	https://pubmlst.org/bigsdb?db=pubmlst_scanis_seqdef&page=schemeInfo&scheme_id=1		
schromogenes	Staphylococcus	chromogenes	Staphylococcus chromogenes MLST	7	pubmlst	https://pubmlst.org/bigsdb?db=pubmlst_schromogenes_seqdef&page=schemeInfo&scheme_id=1	33720932	Huebner R, Mugabi R, Hetesy G, et al. Characterization of genetic diversity and population structure within Staphylococcus chromogenes by multilocus sequence typing. PLoS One 2021;16:e0243688.
sdysgalactiae	Streptococcus	dysgalactiae	Streptococcus dysgalactiae MLST	7	pubmlst	https://pubmlst.org/bigsdb?db=pubmlst_sdysgalactiae_seqdef&page=schemeInfo&scheme_id=1		
senterica_achtman_2	Salmonella	enterica	Salmonella enterica MLST (Achtman)	7	pubmlst	https://pubmlst.org/bigsdb?db=pubmlst_senterica_achtman_seqdef&page=schemeInfo&scheme_id=2	22737074	Achtman M, Wain J, Weill FX, et al. Multilocus sequence typing as a replacement for serotyping in Salmonella enterica. PLoS Pathog 2012;8:e1002776.
sepidermidis	Staphylococcus	epidermidis	Staphylococcus epidermidis MLST	7	pubmlst	https://pubmlst.org/bigsdb?db=pubmlst_sepidermidis_seqdef&page=schemeInfo&scheme_id=1	17151213	Thomas JC, Vargas MR, Miragaia M, et al. Improved multilocus sequence typing scheme for Staphylococcus epidermidis. J Clin Microbiol 2007;45:616-9.
serratia	Serratia		Serratia spp. MLST	6	pubmlst	https://pubmlst.org/bigsdb?db=pubmlst_serratia_seqdef&page=schemeInfo&scheme_id=1	30682311	Besler KR, Little EL. Diversity of Serratia marcescens Strains Associated with Cucurbit Yellow Vine Disease in Georgia. Plant Dis 2017;101:129-136.
sgallolyticus	Streptococcus	gallolyticus	Streptococcus gallolyticus MLST	7	pubmlst	https://pubmlst.org/bigsdb?db=pubmlst_sgallolyticus_seqdef&page=schemeInfo&scheme_id=1		
shaemolyticus	Staphylococcus	haemolyticus	Staphylococcus haemolyticus MLST	7	pubmlst	https://pubmlst.org/bigsdb?db=pubmlst_shaemolyticus_seqdef&page=schemeInfo&scheme_id=1		
shewanella	Shewanella		Shewanella spp. MLST	8	pubmlst	https://pubmlst.org/bigsdb?db=pubmlst_shewanella_seqdef&page=schemeInfo&scheme_id=1	30339183	Martín-Rodríguez AJ, Suárez-Mesa A, Artiles-Campelo F, et al. Multilocus sequence typing of Shewanella algae isolates identifies disease-causing Shewanella chilikensis strain 6I4. FEMS Microbiol Ecol 2019;95.
shominis	Staphylococcus	hominis	Staphylococcus hominis MLST	6	pubmlst	https://pubmlst.org/bigsdb?db=pubmlst_shominis_seqdef&page=schemeInfo&scheme_id=1		
siniae	Streptococcus	iniae	Streptococcus iniae MLST	8	pubmlst	https://pubmlst.org/bigsdb?db=pubmlst_siniae_seqdef&page=schemeInfo&scheme_id=1		
sinorhizobium	Sinorhizobium		Sinorhizobium spp. MLST	10	pubmlst	https://pubmlst.org/bigsdb?db=pubmlst_sinorhizobium_seqdef&page=schemeInfo&scheme_id=1		
smaltophilia	Stenotrophomonas	maltophilia	Stenotrophomonas maltophilia MLST	7	pubmlst	https://pubmlst.org/bigsdb?db=pubmlst_smaltophilia_seqdef&page=schemeInfo&scheme_id=1	19251858	Kaiser S, Biehler K, Jonas D. A Stenotrophomonas maltophilia multilocus sequence typing scheme for inferring population structure. J Bacteriol 2009;191:2934-43.
smitis	Streptococcus	mitis	Streptococcus mitis MLST	7	pubmlst	https://pubmlst.org/bigsdb?db=pubmlst_smitis_seqdef&page=schemeInfo&scheme_id=1		
spneumoniae	Streptococcus	pneumoniae	Streptococcus pneumoniae MLST	7	pubmlst	https://pubmlst.org/bigsdb?db=pubmlst_spneumoniae_seqdef&page=schemeInfo&scheme_id=1	9846740	Enright MC, Spratt BG. A multilocus sequence typing scheme for Streptococcus pneumoniae: identification of clones associated with serious invasive disease. Microbiology (Reading) 1998;144 ( Pt 11):3049-3060.
spseudintermedius	Staphylococcus	pseudintermedius	Staphylococcus pseudintermedius MLST	7	pubmlst	https://pubmlst.org/bigsdb?db=pubmlst_spseudintermedius_seqdef&page=schemeInfo&scheme_id=1	23115265	Solyman SM, Black CC, Duim B, et al. Multilocus sequence typing for characterization of Staphylococcus pseudintermedius. J Clin Microbiol 2013;51:306-10.
spyogenes	Streptococcus	pyogenes	Streptococcus pyogenes (group A) MLST	7	pubmlst	https://pubmlst.org/bigsdb?db=pubmlst_spyogenes_seqdef&page=schemeInfo&scheme_id=1	11254602	Enright MC, Spratt BG, Kalia A, et al. Multilocus sequence typing of Streptococcus pyogenes and the relationships between emm type and clone. Infect Immun 2001;69:2416-27.
ssuis	Streptococcus	suis	Streptococcus suis MLST	7	pubmlst	https://pubmlst.org/bigsdb?db=pubmlst_ssuis_seqdef&page=schemeInfo&scheme_id=1	12354864	King SJ, Leigh JA, Heath PJ, et al. Development of a multilocus sequence typing scheme for the pig pathogen Streptococcus suis: identification of virulent clones and potential capsular serotype exchange. J Clin Microbiol 2002;40:3671-80.
staphlugdunensis	Staphylococcus	lugdunensis	Staphylococcus lugdunensis MLST (Pasteur)	7	pasteur	https://bigsdb.pasteur.fr/cgi-bin/bigsdb/bigsdb.pl?db=pubmlst_staphlugdunensis_seqdef&page=schemeInfo&scheme_id=1	22785196	Chassain B, Lemée L, Didi J, et al. Multilocus sequence typing analysis of Staphylococcus lugdunensis implies a clonal population structure. J Clin Microbiol 2012;50:3003-9.
sthermophilus	Streptococcus	thermophilus	Streptococcus thermophilus MLST	10	pubmlst	https://pubmlst.org/bigsdb?db=pubmlst_sthermophilus_seqdef&page=schemeInfo&scheme_id=1		
streptomyces	Streptomyces		Streptomyces spp. MLST	6	pubmlst	https://pubmlst.org/bigsdb?db=pubmlst_streptomyces_seqdef&page=schemeInfo&scheme_id=1		
streptothermophilus	Streptococcus	thermophilus	Streptococcus thermophilus MLST (Pasteur)	6	pasteur	https://bigsdb.pasteur.fr/cgi-bin/bigsdb/bigsdb.pl?db=pubmlst_streptothermophilus_seqdef&page=schemeInfo&scheme_id=1		
suberis	Streptococcus	uberis	Streptococcus uberis MLST	7	pubmlst	https://pubmlst.org/bigsdb?db=pubmlst_suberis_seqdef&page=schemeInfo&scheme_id=1	16461695	Coffey TJ, Pullinger GD, Urwin R, et al. First insights into the evolution of Streptococcus uberis: a multilocus sequence typing scheme that enables investigation of its population biology. Appl Environ Microbiol 2006;72:1420-8.
szooepidemicus	Streptococcus	zooepidemicus	Streptococcus equi subsp. zooepidemicus MLST	7	pubmlst	https://pubmlst.org/bigsdb?db=pubmlst_szooepidemicus_seqdef&page=schemeInfo&scheme_id=1	18832307	Webb K, Jolley KA, Mitchell Z, et al. Development of an unambiguous and discriminatory multilocus sequence typing scheme for the Streptococcus zooepidemicus group. Microbiology (Reading) 2008;154:3016-3024.
taylorella	Taylorella		Taylorella spp. MLST	7	pubmlst	https://pubmlst.org/bigsdb?db=pubmlst_taylorella_seqdef&page=schemeInfo&scheme_id=1		
tenacibaculum	Tenacibaculum		Tenacibaculum spp. MLST	7	pubmlst	https://pubmlst.org/bigsdb?db=pubmlst_tenacibaculum_seqdef&page=schemeInfo&scheme_id=1		
tpallidum	Treponema	pallidum	Treponema pallidum MLST (Grillova)	3	pubmlst	https://pubmlst.org/bigsdb?db=pubmlst_tpallidum_seqdef&page=schemeInfo&scheme_id=1	30059541	Grillová L, Bawa T, Mikalová L, et al. Molecular characterization of Treponema pallidum subsp. pallidum in Switzerland and France with a new multilocus sequence typing scheme. PLoS One 2018;13:e0200773.
tpyogenes	Trueperella	pyogenes	Trueperella pyogenes MLST	7	pubmlst	https://pubmlst.org/bigsdb?db=pubmlst_tpyogenes_seqdef&page=schemeInfo&scheme_id=1		
tvaginalis	Trichomonas	vaginalis	Trichomonas vaginalis MLST	7	pubmlst	https://pubmlst.org/bigsdb?db=pubmlst_tvaginalis_seqdef&page=schemeInfo&scheme_id=1		
ureaplasma	Ureaplasma		Ureaplasma spp. MLST	4	pubmlst	https://pubmlst.org/bigsdb?db=pubmlst_ureaplasma_seqdef&page=schemeInfo&scheme_id=1	24072679	Zhang J, Kong Y, Feng Y, et al. Development of a multilocus sequence typing scheme for Ureaplasma. Eur J Clin Microbiol Infect Dis 2014;33:537-44.
vcholerae	Vibrio	cholerae	Vibrio cholerae MLST	7	pubmlst	https://pubmlst.org/bigsdb?db=pubmlst_vcholerae_seqdef&page=schemeInfo&scheme_id=1	23776471	Octavia S, Salim A, Kurniawan J, et al. Population structure and evolution of non-O1/non-O139 Vibrio cholerae by multilocus sequence typing. PLoS One 2013;8:e65342.
vcholerae_2	Vibrio	cholerae	Vibrio cholerae MLST (O1 and O139)	5	pubmlst	https://pubmlst.org/bigsdb?db=pubmlst_vcholerae_seqdef&page=schemeInfo&scheme_id=2		
vibrio	Vibrio		Vibrio spp. MLST	4	pubmlst	https://pubmlst.org/bigsdb?db=pubmlst_vibrio_seqdef&page=schemeInfo&scheme_id=1		
vparahaemolyticus	Vibrio	parahaemolyticus	Vibrio parahaemolyticus MLST	7	pubmlst	https://pubmlst.org/bigsdb?db=pubmlst_vparahaemolyticus_seqdef&page=schemeInfo&scheme_id=1	18281404	González-Escalona N, Martinez-Urtaza J, Romero J, et al. Determination of molecular phylogenetics of Vibrio parahaemolyticus strains by multilocus sequence typing. J Bacteriol 2008;190:2831-40.
vtapetis	Vibrio	tapetis	Vibrio tapetis MLST	10	pubmlst	https://pubmlst.org/bigsdb?db=pubmlst_vtapetis_seqdef&page=schemeInfo&scheme_id=1		
vvulnificus	Vibrio	vulnificus	Vibrio vulnificus MLST	10	pubmlst	https://pubmlst.org/bigsdb?db=pubmlst_vvulnificus_seqdef&page=schemeInfo&scheme_id=1		
wolbachia	Wolbachia		Wolbachia spp. MLST	5	pubmlst	https://pubmlst.org/bigsdb?db=pubmlst_wolbachia_seqdef&page=schemeInfo&scheme_id=1	16936055	Baldo L, Dunning Hotopp JC, Jolley KA, et al. Multilocus sequence typing system for the endosymbiont Wolbachia pipientis. Appl Environ Microbiol 2006;72:7098-110.
xfastidiosa	Xylella	fastidiosa	Xylella fastidiosa MLST	7	pubmlst	https://pubmlst.org/bigsdb?db=pubmlst_xfastidiosa_seqdef&page=schemeInfo&scheme_id=1	16332839	Scally M, Schuenzel EL, Stouthamer R, et al. Multilocus sequence type system for the plant pathogen Xylella fastidiosa and relative contributions of recombination and point mutation to clonal diversity. Appl Environ Microbiol 2005;71:8491-9.
yersinia	Yersinia		Yersinia spp. MLST	7	pubmlst	https://pubmlst.org/bigsdb?db=pubmlst_yersinia_seqdef&page=schemeInfo&scheme_id=1	25339391	Hall M, Chattaway MA, Reuter S, et al. Use of whole-genus genome sequence data to develop a multilocus sequence typing tool that accurately identifies Yersinia isolates to the species and subspecies levels. J Clin Microbiol 2015;53:35-42.
ypseudotuberculosis_achtman_3	Yersinia	pseudotuberculosis	Yersinia pseudotuberculosis MLST (Achtman)	7	pubmlst	https://pubmlst.org/bigsdb?db=pubmlst_ypseudotuberculosis_achtman_seqdef&page=schemeInfo&scheme_id=3	21951486	Laukkanen-Ninios R, Didelot X, Jolley KA, et al. Population structure of the Yersinia pseudotuberculosis complex according to multilocus sequence typing. Environ Microbiol 2011;13:3114-27.
yruckeri	Yersinia	ruckeri	Yersinia ruckeri MLST	6	pubmlst	https://pubmlst.org/bigsdb?db=pubmlst_yruckeri_seqdef&page=schemeInfo&scheme_id=1		
